[
  {
    "name": "officedev-microsoft-teams-samples-bot-daily-task-reminder-csharp",
    "source": "officeDev",
    "title": "Bot daily task reminder",
    "shortDescription": "This sample shows a feature where user can schedule a recurring task and get the reminder at scheduled time using bot.",
    "url": "https://github.com/OfficeDev/Microsoft-Teams-Samples/tree/main/samples/bot-daily-task-reminder/csharp",
    "longDescription": [
      "This sample shows a feature where user can schedule a recurring task and get the reminder at scheduled time."
    ],
    "creationDateTime": "2021-11-24",
    "updateDateTime": "2022-01-12",
    "products": [
      "Teams"
    ],
    "metadata": [
      {
        "key": "TEAMS-SAMPLE-SOURCE",
        "value": "OfficeDev"
      },
      {
        "key": "TEAMS-SERVER-LANGUAGE",
        "value": "csharp"
      },
      {
        "key": "TEAMS-SERVER-PLATFORM",
        "value": "netframework"
      },
      {
        "key": "TEAMS-FEATURES",
        "value": "bot"
      }
    ],
    "thumbnails": [
      {
        "type": "image",
        "order": 100,
        "url": "https://raw.githubusercontent.com/OfficeDev/Microsoft-Teams-Samples/main/samples/bot-daily-task-reminder/csharp/BotDailyTaskReminder/Images/DailyTaskReminder.gif",
        "alt": "Solution UX showing bot daily task reminder"
      }
    ],
    "authors": [
      {
        "gitHubAccount": "OfficeDev",
        "pictureUrl": "https://avatars.githubusercontent.com/u/6789362?s=200&v=4",
        "name": "OfficeDev"
      }
    ],
    "references": [
      {
        "name": "Teams developer documentation",
        "url": "https://aka.ms/TeamsPlatformDocs"
      },
      {
        "name": "Teams developer questions",
        "url": "https://aka.ms/TeamsPlatformFeedback"
      },
      {
        "name": "Teams development videos from Microsoft",
        "url": "https://aka.ms/sample-ref-teams-vids-from-microsoft"
      },
      {
        "name": "Teams development videos from the community",
        "url": "https://aka.ms/sample-ref-teams-vids-from-community"
      }
    ]
  }
]